pickup_hour,Average_Fare,Number_of_Trips
0,24.6840292686055,31023
1,25.2080294355566,32138
2,22.5491829088039,56848
3,21.2688495595285,87975
4,20.6940571620608,122004
5,19.9575432415391,134535
6,20.054480240802,138872
7,20.5650518252719,149348
8,20.473034577909,160912
9,20.9030803047934,173103
10,21.9237846454164,184440
11,21.9359233679312,189529
12,22.1112848049148,197781
13,21.2532447552504,222365
14,20.5951146472839,235723
15,20.6426115642175,205375
16,20.9922975628481,190837
17,21.0727495523961,191573
18,21.9553427571028,178202
19,23.0016836758763,148841
20,23.004028323396,114040
21,21.9253180692542,81979
22,21.712497807051,55861
23,22.1970955220785,38902
